atom,electron,gitlfs,hubot,linguist
0.49575602794261253,0,0,0,0
8.916097047998198,4.204134065164078,5.108991825613079,6.676136363636363,1.8181818181818181
90.58814692405919,95.79586593483592,94.89100817438693,93.32386363636364,98.18181818181819
