atom,electron,gitlfs,hubot,linguist
0,0,0,0,0
61.26634196359908,82.5028441410694,40.39270687237027,31.512605042016805,15.676959619952493
38.733658036400925,17.4971558589306,59.60729312762973,68.4873949579832,84.32304038004752
