atom,electron,gitlfs,hubot,linguist
0.02563445270443476,1.3196814562002275,0,0,0
50.525506280440915,35.972696245733786,37.23702664796634,16.246498599439775,8.076009501187649
49.44885926685465,62.70762229806598,62.762973352033654,83.75350140056022,91.92399049881234
